{"eval/loss": 4.030138969421387, "eval/accuracy": 0.0, "eval/runtime": 6.3244, "eval/samples_per_second": 0.316, "eval/steps_per_second": 0.316, "train/epoch": 1.0, "train/global_step": 10, "_timestamp": 1667156376.297476, "_runtime": 133.265212059021, "_step": 1, "train/train_runtime": 116.9805, "train/train_samples_per_second": 0.085, "train/train_steps_per_second": 0.085, "train/total_flos": 2631984629760.0, "train/train_loss": 2.898737144470215}